,T,freq_sta0,tgt_acc_sta0,n_epochssta0,time_sta0,freq_sta2,tgt_acc_sta2,n_epochssta2,time_sta2,freq_sta3,tgt_acc_sta3,n_epochssta3,time_sta3,round_time,consumption_sta1,consumption_sta0,consumption_sta3,consumption_sta4,consumption_sta5,consumption_sta2,mean_acc,freq_sta1,tgt_acc_sta1,n_epochssta1,time_sta1,freq_sta5,tgt_acc_sta5,n_epochssta5,time_sta5,freq_sta4,tgt_acc_sta4,n_epochssta4,time_sta4
0,6.81347426341842,1386915332.0740163,0.8554670909696882,3.0,6.950624465942383,1360964040.8093529,0.7465882494056073,2.0,7.771710634231567,1303731379.2463005,0.8721884538733633,3.0,10.644505977630615,10.644505977630615,0.03624307264532778,0.06991192101190002,0.14436799826062763,0.03624100621588333,0.0,0.10847418080351123,0.554714682046324,,,,,,,,,,,,
1,29.424293664177092,1509435924.729107,0.915164369682938,4.0,6.53959584236145,,,,,1318927596.9063876,0.8006180376977791,3.0,5.941845893859863,14.501307249069214,0.2599463330077776,0.14090758253549984,0.21875811985017202,0.07248233829179451,0.0,0.10847418080351123,0.595413421591123,1355385377.8969955,0.914720154472563,5.0,14.501307249069214,,,,,,,,
2,38.64737152495843,,,,,,,,,1348121864.473508,0.4349027934608889,1.0,8.358202934265137,12.695549964904785,0.41064802017280533,0.14090758253549984,0.29316165097724967,0.07248233829179451,0.06931269144335594,0.10847418080351123,0.7277252947290739,1390406298.796937,0.9382566637934262,5.0,12.695549964904785,1326262435.3873427,0.8655586479988869,3.0,7.477902412414551,,,,
3,26.64643485428253,1587943519.2412026,0.8434293637890239,3.0,5.569758892059326,,,,,1300765122.4268115,0.8919880922883905,4.0,5.116150617599487,5.569758892059326,0.41064802017280533,0.17270896523234447,0.36347656705940445,0.10555103991306147,0.06931269144335594,0.14154296190283344,0.7734439174334208,,,,,1305202903.5397642,0.7339625595989228,2.0,4.999329566955566,,,,
4,36.258006594470025,,,,,,,,,1381776968.7334213,0.9596860421257462,5.0,8.193066358566284,9.108718395233154,0.4818698047122667,0.17270896523234447,0.47410881391585424,0.20774069216865598,0.10237546877036152,0.17460936501873303,0.757079636057218,1304344492.6633363,0.9254056139423306,4.0,7.009713649749756,,,,,1340935758.5932875,0.8346070953252528,3.0,9.108718395233154
5,21.663136457401063,,,,,1318740548.2829275,0.9623871367999971,5.0,16.32350778579712,1306976651.7362096,0.93361390118684,4.0,6.0095531940460205,16.32350778579712,0.6675285555386563,0.20895021624063814,0.5476547021141152,0.20774069216865598,0.13860689152230599,0.362816328545857,0.767571414510409,1332270517.913947,0.9632126198402343,5.0,13.398102283477783,,,,,,,,
6,16.554220260480893,1389511677.6681395,0.9598589450655847,5.0,10.66980528831482,,,,,,,,,13.414093017578125,0.8551040468396569,0.34819909493581724,0.5803498266726088,0.20774069216865598,0.20981885893234598,0.362816328545857,0.8696414281924566,1300266603.279027,0.9593576760646676,5.0,13.414093017578125,1310628542.8897989,0.9181033125209769,4.0,5.302996873855591,,,,
7,22.805678283542843,,,,,,,,,1388922799.93404,0.9437812531041294,5.0,8.31236720085144,14.46116328239441,1.0407621904537003,0.3812613477076555,0.6547395651779244,0.24080002173761095,0.24605901791215778,0.395333783090279,0.731326108177503,1320753641.7020538,0.9638154471186612,5.0,14.46116328239441,1434325171.4438026,0.9372434339990607,4.0,6.062627077102661,,,,
8,36.39893025392978,1360631395.4461708,0.7455923506396319,3.0,6.01155161857605,1309610129.2440114,0.9668347813173269,5.0,12.029825210571289,,,,,12.029825210571289,1.0407621904537003,0.44738616798443387,0.6547395651779244,0.24080002173761095,0.2835719988769583,0.5428636886262954,0.8379873484373093,,,,,1757145579.469486,0.856006152230375,3.0,6.0262017250061035,,,,
9,16.21301000823219,1300523932.9132423,0.9635609614004251,5.0,8.603194952011108,1354284230.3452048,0.9349403762814142,4.0,8.2301344871521,1304599291.0547788,0.8594071279346591,3.0,7.330028295516968,8.603194952011108,1.0407621904537003,0.5154178257701011,0.7284907022755356,0.27705629886708927,0.31981257114265915,0.6515882189465636,0.7229200402895609,,,,,,,,,,,,
10,51.33802666012602,1605049934.4867702,0.9034508316168637,4.0,6.005349397659302,1395557512.7376833,0.9889596665455035,7.0,20.900776386260986,1308891959.3925178,0.9174358359328894,4.0,6.279786109924316,20.900776386260986,1.077005770169022,0.5154178257701011,0.7659003267977689,0.27705629886708927,0.31981257114265915,0.9860208356328635,0.6977953215440115,,,,,,,,,,,,
11,16.149905696707204,1703113784.668059,0.8406131795109874,3.0,5.227467060089111,1350027114.3810034,0.9668498112173847,5.0,7.398915767669678,1430105965.5548134,0.8083491457303577,3.0,6.214014291763306,7.398915767669678,1.077005770169022,0.551659935141395,0.8028548933546731,0.3132998579181159,0.31981257114265915,1.0209892376336314,0.6839453975359598,,,,,,,,,,,,
12,18.681411852465963,,,,,,,,,1311983387.043618,0.9505153168029167,5.0,6.995367527008057,18.402178287506104,1.4133656661200988,0.551659935141395,0.8772449704365066,0.3132998579181159,0.356051278853176,1.0209892376336314,0.83392400542895,1391876599.5024407,0.9807580490140735,7.0,18.402178287506104,1781035384.7430117,0.8350062765922329,3.0,6.831323862075806,,,,
13,33.752606465070656,1367833474.01233,0.8691046317793998,3.0,5.81055212020874,,,,,,,,,11.030875205993652,1.595535088694311,0.5847250983996274,0.9103072168500994,0.3132998579181159,0.356051278853176,1.0209892376336314,0.8735032478968302,1328939072.5411956,0.9679823209429007,5.0,11.030875205993652,1300513783.23793,0.7284390948358574,3.0,5.696924924850464,,,,
14,33.875104180479596,1529324298.68796,0.9910874299462378,10.0,12.886063814163208,,,,,1398583629.9836366,0.8173111185400439,3.0,7.5870606899261475,12.886063814163208,1.595535088694311,0.7926097237373325,0.9438398525459377,0.3132998579181159,0.356051278853176,1.0209892376336314,0.8333681176106135,,,,,1825842277.7651591,0.9621577817405214,7.0,7.991885423660278,,,,
15,29.6314288546353,1302169589.4548118,0.9496668015330442,5.0,4.738150358200073,1314966109.2309065,0.8501997725258346,3.0,6.508815288543701,,,,,7.073523044586182,1.6285975942063673,0.8256695460702309,0.9769052653652672,0.38380081782227826,0.3891253245788988,1.0558645247340686,0.8286144932111105,,,,,,,,,1619009728.396833,0.748132369380736,2.0,7.073523044586182
16,33.0381111050419,1348652480.8790848,0.9174777817742642,5.0,4.00920295715332,1386441147.689304,0.9657939736535238,5.0,6.216066360473633,,,,,6.216066360473633,1.6285975942063673,0.8917953645913853,1.0099708800588545,0.38380081782227826,0.45954476543103695,1.090837619119234,0.8460778693358103,,,,,1533883991.302979,0.9443134679494541,8.0,4.288370609283447,,,,
17,57.28089896653043,1339321876.6097336,0.9687835936889196,6.0,5.755512714385986,,,,,,,,,5.755512714385986,1.6966291423123168,0.9246207075856644,1.0099708800588545,0.416863394864583,0.45954476543103695,1.1238998941449296,0.9104236563046774,1309702601.7933528,0.8553901226917179,3.0,5.215715408325195,1305939789.773846,0.9410711904119832,5.0,4.472583770751953,,,,
18,70.78318791073562,,,,,1351418530.3195224,0.700236897334964,3.0,5.724438905715942,1420508125.0281448,0.9776216011479026,6.0,8.315762758255005,14.857929229736328,1.920438100540848,0.9246207075856644,1.119753816465834,0.416863394864583,0.45954476543103695,1.1619805200989959,0.8583914041519165,2258302441.585684,0.9751347928341444,6.0,14.857929229736328,,,,,,,,
19,30.524900913343245,1359578177.0722218,0.9678932661175099,5.0,5.460376262664795,,,,,,,,,12.096404790878296,1.9884742090976268,0.9939453270955992,1.119753816465834,0.416863394864583,0.5635396647553499,1.1950429270582632,0.9052393535772959,1509828024.6311553,0.8677674154122248,3.0,4.9979846477508545,1336369911.1363509,0.9792476976587493,7.0,12.096404790878296,,,,
20,55.3687183566968,1409387810.8094275,0.9679462351818127,5.0,4.405559301376343,,,,,1305743740.4716456,0.9346100166590933,4.0,6.375554800033569,11.260860204696655,2.0215456622491765,1.0270078961900997,1.1877903621519181,0.44992631366252844,0.6659288721023984,1.1950429270582632,0.8835574984550476,,,,,1362225627.850996,0.9940913457396027,8.0,11.260860204696655,,,,
21,65.94670565423954,1378850470.2842262,0.9312246026372999,4.0,4.942471742630005,1393548636.937843,0.9825589709973791,7.0,9.28757381439209,1304591891.366998,0.7290075533508591,2.0,8.892500162124634,9.28757381439209,2.0215456622491765,1.0270078961900997,1.2615321399137074,0.4861678396648923,0.6659288721023984,1.341292801949652,0.8043158253033956,,,,,,,,,,,,
22,19.86815407144266,,,,,,,,,1308127321.4049234,0.8480460795226482,3.0,5.728452682495117,7.1453258991241455,2.0959494794972593,1.0270078961900997,1.3327424970983401,0.4861678396648923,0.6659288721023984,1.3743549164296767,0.8921133975187937,1302614596.7530031,0.867241147774973,3.0,6.351949453353882,1308036286.7204394,0.8492838678426462,3.0,7.1453258991241455,,,,
23,15.494304048469056,1315436305.741592,0.9711669091091464,7.0,6.83025050163269,1591187105.68406,0.888846351753021,4.0,7.08736777305603,,,,,8.689747333526611,2.0959494794972593,1.1281107829992014,1.3327424970983401,0.5192304453193,0.7365151596470056,1.4093412788814377,0.9099892377853394,,,,,1322740142.4811811,0.9823847593688436,6.0,8.689747333526611,,,,
24,61.49871547742723,1307386125.719363,0.9217124453675215,4.0,4.917255878448486,1400445202.405485,0.9752126121959196,6.0,7.431350946426392,,,,,7.431350946426392,2.0959494794972593,1.1610962885814762,1.365714930130035,0.5898065978222586,0.7365151596470056,1.4426498405056905,0.8764610489209493,,,,,,,,,1512169193.1604521,0.8407011695602161,3.0,7.056987524032593
25,21.359909814300593,1325389646.3926222,0.9824017543614534,6.0,8.570829153060913,,,,,1312694211.6464808,0.8722892887392002,3.0,7.788398504257202,8.570829153060913,2.1309196761125215,1.264078131997572,1.4763241521937929,0.5898065978222586,0.7365151596470056,1.4426498405056905,0.8803192774454752,1414985480.3827639,0.8422070569342941,3.0,5.67169713973999,,,,,,,,
26,58.82301519795481,1343694042.9631476,0.9827066909561684,6.0,13.502939939498901,1331130722.2352893,0.8907451586819234,4.0,6.675604581832886,1347435515.5800586,0.9676850416049151,7.0,6.803398609161377,13.502939939498901,2.1309196761125215,1.4751805790123105,1.5498584302377012,0.5898065978222586,0.7727705132414755,1.4776224262313022,0.8846258123715719,,,,,,,,,,,,
27,112.85714728251641,,,,,1354826761.4071913,0.8845949100673719,4.0,6.007712364196777,1371515884.4538238,0.8581862815976117,3.0,6.754757404327393,6.754757404327393,2.1671612879511906,1.4751805790123105,1.623621509707941,0.5898065978222586,0.7727705132414755,1.5157705179276093,0.8351362546284994,1307713494.110364,0.8823841729671082,4.0,5.640171051025391,,,,,,,,
28,58.969264872058055,,,,,1315295981.9241707,0.9125097993851798,4.0,8.421978950500488,1330581678.5357466,0.9753899665930584,7.0,7.045300245285034,8.421978950500488,2.2002274415059966,1.4751805790123105,1.6611592099375827,0.5898065978222586,0.8419481857744913,1.5520119803475325,0.8621667722860972,,,,,1429355416.1150818,0.9420512025564005,6.0,6.860104322433472,,,,
29,71.96749482839894,1340487352.1579478,0.8528902497122994,4.0,4.336477756500244,1355933360.4214535,0.9246214846261701,4.0,6.475096225738525,,,,,6.475096225738525,2.234468423782412,1.4751805790123105,1.6611592099375827,0.6273205245759197,0.8794613193371603,1.62766559319834,0.846570243438085,1690171741.1257215,0.9056306792775798,5.0,5.7783942222595215,,,,,,,,
30,48.47432410710365,,,,,1322102796.979148,0.9874243581970152,7.0,9.802290439605713,1444991950.1291068,0.6177469139103522,2.0,5.545475482940674,17.493741750717163,2.5008850191957017,1.4751805790123105,1.6986801943425747,0.6635585869246281,0.9157007502979795,1.7408398757210393,0.8389904995759329,1304341559.8335586,0.9855898955110837,7.0,17.493741750717163,,,,,,,,
31,105.26053604337115,,,,,1373378182.827953,0.9876036627655066,7.0,5.8067240715026855,1303971959.5945144,0.8670646986474364,3.0,6.689711570739746,6.689711570739746,2.571465724201682,1.5114200830929438,1.7361924345719004,0.6635585869246281,0.9157007502979795,1.7789979609880533,0.8298227787017822,1362800673.8192396,0.9361755137028427,5.0,4.530705451965332,,,,,,,,
32,46.760659769158835,,,,,,,,,1300440233.0945814,0.91250881908395,4.0,8.646102905273438,8.646102905273438,2.678686243589832,1.5114200830929438,1.84366393135345,0.6998040137099633,0.9157007502979795,1.7789979609880533,0.8909141421318054,1359942934.4822874,0.8326177609191345,3.0,6.504428148269653,,,,,1707337138.8642154,0.9088175709437812,4.0,6.766860246658325
33,109.27243576117809,,,,,,,,,1639586673.5345643,0.9636559048291707,5.0,7.5906336307525635,8.086605310440063,2.782961253783578,1.5114200830929438,1.881812902077047,0.7360506294870088,0.9487551220258297,1.7789979609880533,0.9179929693539938,2426775168.178142,0.973412769711806,14.0,8.086605310440063,,,,,1557719864.4840124,0.9311993925630491,7.0,5.734983205795288
34,21.132631072255805,,,,,,,,,1420932098.381325,0.9897159461040557,8.0,14.732991933822632,14.732991933822632,2.782961253783578,1.5114200830929438,2.0921982074695817,0.7722932729508383,1.0147483186947994,1.7789979609880533,0.9461787641048431,,,,,1503902933.0993664,0.9828014798479324,6.0,8.759700536727905,1384534890.921717,0.9361917736468915,4.0,9.770231246948242
35,67.27667687733782,1373301952.5500522,0.925152290457526,4.0,3.6217997074127197,,,,,1327827404.8950825,0.9493747849443566,5.0,5.758253812789917,5.758253812789917,2.8179306921781895,1.5444827936583825,2.130352531835004,0.808551875608222,1.0147483186947994,1.7789979609880533,0.9291185239950815,1322271947.034416,0.9423006658321903,5.0,4.638685703277588,,,,,,,,
36,23.974382528649368,,,,,,,,,1422790057.0351036,0.8651682434119642,3.0,7.943272590637207,13.6669921875,2.8509961256618106,1.5775512202855784,2.199658817347081,0.977040223872292,1.0478170298534337,1.7789979609880533,0.9534873167673746,,,,,1832399786.579409,0.8578513450043558,3.0,4.941251277923584,1554307793.7285213,0.9811585750244659,6.0,13.6669921875
37,55.54141294401869,1415043964.9483001,0.9280305259162209,4.0,4.936264276504517,1342070310.4582372,0.9825333016874548,7.0,5.499744653701782,,,,,6.665875196456909,2.8859736072356434,1.6106393685974756,2.2371728442430934,0.977040223872292,1.0853276328348116,1.817148382980949,0.9439621369043986,1370933357.7409248,0.9693160887415058,7.0,6.665875196456909,,,,,,,,
38,61.374733006497365,1375278191.3469262,0.9861396745434848,8.0,11.121634483337402,,,,,1362914984.1097093,0.9174064148159827,4.0,7.19621467590332,16.515666484832764,2.8859736072356434,1.7530534020413957,2.308027273261973,0.977040223872292,1.3199471548514197,1.817148382980949,0.9379666745662689,,,,,1341719354.5792975,0.9963687467878174,18.0,16.515666484832764,,,,
39,74.88496583107529,1442835395.5436952,0.9123846830390966,4.0,3.193912982940674,,,,,1382259655.8948407,0.982829609428673,6.0,6.139460802078247,6.139460802078247,2.8859736072356434,1.7530534020413957,2.379237709924662,1.0463455890284887,1.3529920814071446,1.817148382980949,0.8853381474812826,,,,,,,,,1773095684.8004034,0.8623521667296331,3.0,5.220513343811035
40,19.080211635774628,,,,,1300035820.3003707,0.9934596786240235,8.0,23.028295040130615,,,,,23.028295040130615,2.8859736072356434,1.7530534020413957,2.379237709924662,1.1169194016974924,1.3860561907863627,2.220565488069748,0.9250857333342234,,,,,1847402526.9758692,0.9280892852609378,4.0,4.016507625579834,1424892658.8692892,0.9612027612193358,5.0,7.134588956832886
41,55.76605890378882,,,,,1435697334.191205,0.9839173379524421,7.0,6.211519479751587,,,,,6.211519479751587,2.9187997370626726,1.786115821717154,2.379237709924662,1.1500061464269304,1.4235692067215098,2.291786786203505,0.9137811561425527,1355412292.6721113,0.8316519683939302,4.0,5.853649377822876,1320352972.8959792,0.9822155618181619,7.0,4.970344066619873,,,,
42,104.09001880122982,1696682530.9276264,0.8664242363238316,3.0,4.51778244972229,1329238019.1952786,0.8820443823779157,4.0,7.760218143463135,,,,,15.166732549667358,2.95186992969226,1.8191779346076165,2.4122998116881957,1.3528351567551322,1.4235692067215098,2.359818658579921,0.9381221532821655,,,,,,,,,1762512064.4715574,0.9874050345423123,7.0,15.166732549667358
43,112.27252779922856,,,,,,,,,1449999114.428896,0.9838828469210683,6.0,7.410687685012817,22.92834210395813,3.290126472475935,1.8191779346076165,2.4866901033607745,1.385903680345555,1.4928793771209428,2.359818658579921,0.9523066480954488,1453924133.5029783,0.9948707986937193,9.0,22.92834210395813,1325422353.2384975,0.8926081180192066,4.0,4.654387712478638,,,,
44,21.541300916878118,,,,,1444203087.8056903,0.9951339529945582,8.0,74.22443342208862,,,,,74.22443342208862,3.394402426868988,1.8191779346076165,2.4866901033607745,1.385903680345555,1.5965161260730554,2.805581838572638,0.9432347516218821,1317419693.6499772,0.9557217590484011,5.0,7.020548582077026,1354552502.5860798,0.991040096920323,7.0,9.158768892288208,,,,
45,21.525520950293753,1376957515.4117038,0.9017907785186235,4.0,4.738815069198608,,,,,1313992887.8405635,0.9785569008173305,6.0,6.593426465988159,6.593426465988159,3.4274618724759116,1.8522396516973676,2.5216613649819832,1.385903680345555,1.6327604258595585,2.837682807441655,0.9252845446268717,,,,,1986359388.7123804,0.8648498544779379,4.0,4.8730878829956055,,,,
46,58.30696293460405,,,,,,,,,1519941725.5056558,0.9824292954033004,9.0,7.706895112991333,16.97324824333191,3.722479501364726,1.884047465758464,2.592875592747933,1.5874523977515533,1.6658340280977342,2.837682807441655,0.944916566212972,1370464624.16424,0.9864199470185728,7.0,16.97324824333191,,,,,1735261910.3159828,0.9910737472627305,7.0,13.548271656036377
47,28.993191358134567,,,,,1567654514.295616,0.9782494072376479,6.0,5.888829946517944,,,,,17.978591918945312,4.0175070729583044,1.9171160751851848,2.625946152566132,1.620527468744191,1.6658340280977342,2.8758310851166042,0.956496665875117,1367418629.5737114,0.9887359219057055,7.0,17.978591918945312,1607896032.7896261,0.978079318900075,6.0,5.220698356628418,,,,
48,55.744796569072605,1305320602.7784486,0.9897992046995565,7.0,9.866315364837646,1324051973.0922513,0.9875623349607208,7.0,8.092204332351685,,,,,9.866315364837646,4.050569479917565,2.020123176727346,2.625946152566132,1.620527468744191,1.703346419335361,2.9108036152075725,0.9301552573839823,,,,,1320003046.8020546,0.9866900854000136,7.0,7.018954515457153,,,,
49,31.85566137015575,,,,,,,,,1323905279.001142,0.9797073723571721,7.0,7.0075600147247314,7.0075600147247314,4.082980780391859,2.0530753682878573,2.733393925148081,1.6535900028683468,1.703346419335361,2.943865224207161,0.9490258097648621,1321815441.5363886,0.9673387730094508,5.0,6.189883232116699,1433363010.1135445,0.9374997579396683,4.0,5.385581970214844,,,,
50,26.763953887193445,1446752906.2248952,0.9111054136391818,7.0,5.121469736099243,1438875196.801204,0.9954518515903301,8.0,23.49396014213562,1334809499.5276859,0.873156604163085,3.0,5.266042709350586,23.49396014213562,4.082980780391859,2.0530753682878573,2.8071456328981297,1.6535900028683468,1.703346419335361,3.3148542287502947,0.9426059623559316,,,,,,,,,,,,
51,56.51648269912761,1371060969.313375,0.9572515646511061,5.0,4.9256651401519775,,,,,1355493573.3012457,0.8998662462993359,4.0,7.739233732223511,9.053027391433716,4.156101853614496,2.0530753682878573,2.8815500621272347,1.6535900028683468,1.7395878626805512,3.3148542287502947,0.8705821533997854,1314616891.387632,0.9789555690866159,6.0,9.053027391433716,,,,,,,,
52,72.51310988710635,1477032314.7387953,0.9903842420878516,8.0,11.478646516799927,,,,,1526411501.7483673,0.9261409617637043,4.0,6.347823143005371,11.478646516799927,4.156101853614496,2.192845662766509,2.952768982277564,1.6535900028683468,1.772468802164255,3.347919649517425,0.9488162895043691,,,,,,,,,1419011789.4421976,0.8459756535140005,3.0,6.097045660018921
53,44.05468568274473,,,,,1380055263.532476,0.9879430339671771,7.0,8.768495798110962,1423407850.852444,0.966759031728011,5.0,7.444532632827759,8.768495798110962,4.1891655989842125,2.2259083669737056,3.0595911353974143,1.686670837609574,1.772468802164255,3.41850507869903,0.9126281440258026,,,,,,,,,1524930645.191122,0.9255404548189661,4.0,7.078152179718018
54,98.3010833613189,,,,,1333996850.787357,0.9636006970355,5.0,6.26503849029541,1442099304.7274172,0.9589573145332917,5.0,7.41498327255249,7.41498327255249,4.260056654670217,2.2259083669737056,3.133348381178368,1.7229155745253788,1.772468802164255,3.4925205470929255,0.9087055126825968,1304602153.1532943,0.8374428946936943,3.0,5.648394346237183,,,,,,,,
55,43.82492902139584,,,,,1410755768.731704,0.9134221784539132,4.0,6.1790289878845215,,,,,11.706418752670288,4.260056654670217,2.258970492580652,3.133348381178368,1.793255585008799,1.9047236819112356,3.5284568503394267,0.9423453211784363,,,,,1370766622.5626404,0.991861821904498,9.0,11.706418752670288,1547398495.9737675,0.8265125888403921,3.0,6.790660619735718
56,23.634375298975595,1433619273.645631,0.9341543571748275,4.0,6.053696393966675,1394933347.830204,0.9929534077197238,10.0,7.000082969665527,,,,,7.000082969665527,4.332538910304828,2.3294084073120236,3.133348381178368,1.793255585008799,1.9047236819112356,3.5666177395922345,0.9480287730693817,1590855809.3951378,0.8705153475214108,3.0,5.466339588165283,,,,,,,,
57,49.000688674314205,,,,,,,,,1320483930.6105695,0.9329174757774257,4.0,6.980865240097046,6.980865240097046,4.364689023634719,2.3294084073120236,3.2039315579518783,1.8263202952421178,1.9047236819112356,3.5666177395922345,0.9595974683761597,,,,,1314568669.06666,0.9185341543137256,4.0,4.793116569519043,1312788248.391535,0.9635947793380252,5.0,5.856894254684448
58,98.58217704656462,1504658519.7490559,0.9734763230265423,6.0,6.0044310092926025,1406074193.9929998,0.9996119424057868,12.0,33.442426681518555,,,,,33.442426681518555,4.399658279229806,2.362367836144266,3.2039315579518783,1.8263202952421178,1.9047236819112356,4.126898207984413,0.9626870155334473,1314523994.7943518,0.9355427274088187,6.0,6.2279744148254395,,,,,,,,
59,33.17430869541187,1648372038.5130174,0.9844774219403376,9.0,5.135418653488159,,,,,,,,,7.137440204620361,4.399658279229806,2.432949369311594,3.2369986032504725,1.8593823954160964,1.937786384528863,4.126898207984413,0.9665309687455496,,,,,1373099931.4409103,0.9809620533104216,8.0,5.388893365859985,1680272537.1471584,0.9583363337758877,6.0,7.137440204620361
